1_to_50,51_to_100,101_to_150,151_to_200,201_to_250,251_to_300,301_to_350,351_to_400
https://www.amazon.com/s?k=PC-compatible+Games&i=videogames&page=1,https://www.amazon.com/s?k=PC-compatible+Games&i=videogames&page=51,https://www.amazon.com/s?k=PC-compatible+Games&i=videogames&page=101,https://www.amazon.com/s?k=PC-compatible+Games&i=videogames&page=151,https://www.amazon.com/s?k=PC-compatible+Games&i=videogames&page=201,https://www.amazon.com/s?k=PC-compatible+Games&i=videogames&page=251,https://www.amazon.com/s?k=PC-compatible+Games&i=videogames&page=301,https://www.amazon.com/s?k=PC-compatible+Games&i=videogames&page=351
https://www.amazon.com/s?k=PC-compatible+Games&i=videogames&page=2,https://www.amazon.com/s?k=PC-compatible+Games&i=videogames&page=52,https://www.amazon.com/s?k=PC-compatible+Games&i=videogames&page=102,https://www.amazon.com/s?k=PC-compatible+Games&i=videogames&page=152,https://www.amazon.com/s?k=PC-compatible+Games&i=videogames&page=202,https://www.amazon.com/s?k=PC-compatible+Games&i=videogames&page=252,https://www.amazon.com/s?k=PC-compatible+Games&i=videogames&page=302,https://www.amazon.com/s?k=PC-compatible+Games&i=videogames&page=352
https://www.amazon.com/s?k=PC-compatible+Games&i=videogames&page=3,https://www.amazon.com/s?k=PC-compatible+Games&i=videogames&page=53,https://www.amazon.com/s?k=PC-compatible+Games&i=videogames&page=103,https://www.amazon.com/s?k=PC-compatible+Games&i=videogames&page=153,https://www.amazon.com/s?k=PC-compatible+Games&i=videogames&page=203,https://www.amazon.com/s?k=PC-compatible+Games&i=videogames&page=253,https://www.amazon.com/s?k=PC-compatible+Games&i=videogames&page=303,https://www.amazon.com/s?k=PC-compatible+Games&i=videogames&page=353
https://www.amazon.com/s?k=PC-compatible+Games&i=videogames&page=4,https://www.amazon.com/s?k=PC-compatible+Games&i=videogames&page=54,https://www.amazon.com/s?k=PC-compatible+Games&i=videogames&page=104,https://www.amazon.com/s?k=PC-compatible+Games&i=videogames&page=154,https://www.amazon.com/s?k=PC-compatible+Games&i=videogames&page=204,https://www.amazon.com/s?k=PC-compatible+Games&i=videogames&page=254,https://www.amazon.com/s?k=PC-compatible+Games&i=videogames&page=304,https://www.amazon.com/s?k=PC-compatible+Games&i=videogames&page=354
https://www.amazon.com/s?k=PC-compatible+Games&i=videogames&page=5,https://www.amazon.com/s?k=PC-compatible+Games&i=videogames&page=55,https://www.amazon.com/s?k=PC-compatible+Games&i=videogames&page=105,https://www.amazon.com/s?k=PC-compatible+Games&i=videogames&page=155,https://www.amazon.com/s?k=PC-compatible+Games&i=videogames&page=205,https://www.amazon.com/s?k=PC-compatible+Games&i=videogames&page=255,https://www.amazon.com/s?k=PC-compatible+Games&i=videogames&page=305,https://www.amazon.com/s?k=PC-compatible+Games&i=videogames&page=355
https://www.amazon.com/s?k=PC-compatible+Games&i=videogames&page=6,https://www.amazon.com/s?k=PC-compatible+Games&i=videogames&page=56,https://www.amazon.com/s?k=PC-compatible+Games&i=videogames&page=106,https://www.amazon.com/s?k=PC-compatible+Games&i=videogames&page=156,https://www.amazon.com/s?k=PC-compatible+Games&i=videogames&page=206,https://www.amazon.com/s?k=PC-compatible+Games&i=videogames&page=256,https://www.amazon.com/s?k=PC-compatible+Games&i=videogames&page=306,https://www.amazon.com/s?k=PC-compatible+Games&i=videogames&page=356
https://www.amazon.com/s?k=PC-compatible+Games&i=videogames&page=7,https://www.amazon.com/s?k=PC-compatible+Games&i=videogames&page=57,https://www.amazon.com/s?k=PC-compatible+Games&i=videogames&page=107,https://www.amazon.com/s?k=PC-compatible+Games&i=videogames&page=157,https://www.amazon.com/s?k=PC-compatible+Games&i=videogames&page=207,https://www.amazon.com/s?k=PC-compatible+Games&i=videogames&page=257,https://www.amazon.com/s?k=PC-compatible+Games&i=videogames&page=307,https://www.amazon.com/s?k=PC-compatible+Games&i=videogames&page=357
https://www.amazon.com/s?k=PC-compatible+Games&i=videogames&page=8,https://www.amazon.com/s?k=PC-compatible+Games&i=videogames&page=58,https://www.amazon.com/s?k=PC-compatible+Games&i=videogames&page=108,https://www.amazon.com/s?k=PC-compatible+Games&i=videogames&page=158,https://www.amazon.com/s?k=PC-compatible+Games&i=videogames&page=208,https://www.amazon.com/s?k=PC-compatible+Games&i=videogames&page=258,https://www.amazon.com/s?k=PC-compatible+Games&i=videogames&page=308,https://www.amazon.com/s?k=PC-compatible+Games&i=videogames&page=358
https://www.amazon.com/s?k=PC-compatible+Games&i=videogames&page=9,https://www.amazon.com/s?k=PC-compatible+Games&i=videogames&page=59,https://www.amazon.com/s?k=PC-compatible+Games&i=videogames&page=109,https://www.amazon.com/s?k=PC-compatible+Games&i=videogames&page=159,https://www.amazon.com/s?k=PC-compatible+Games&i=videogames&page=209,https://www.amazon.com/s?k=PC-compatible+Games&i=videogames&page=259,https://www.amazon.com/s?k=PC-compatible+Games&i=videogames&page=309,https://www.amazon.com/s?k=PC-compatible+Games&i=videogames&page=359
https://www.amazon.com/s?k=PC-compatible+Games&i=videogames&page=10,https://www.amazon.com/s?k=PC-compatible+Games&i=videogames&page=60,https://www.amazon.com/s?k=PC-compatible+Games&i=videogames&page=110,https://www.amazon.com/s?k=PC-compatible+Games&i=videogames&page=160,https://www.amazon.com/s?k=PC-compatible+Games&i=videogames&page=210,https://www.amazon.com/s?k=PC-compatible+Games&i=videogames&page=260,https://www.amazon.com/s?k=PC-compatible+Games&i=videogames&page=310,https://www.amazon.com/s?k=PC-compatible+Games&i=videogames&page=360
https://www.amazon.com/s?k=PC-compatible+Games&i=videogames&page=11,https://www.amazon.com/s?k=PC-compatible+Games&i=videogames&page=61,https://www.amazon.com/s?k=PC-compatible+Games&i=videogames&page=111,https://www.amazon.com/s?k=PC-compatible+Games&i=videogames&page=161,https://www.amazon.com/s?k=PC-compatible+Games&i=videogames&page=211,https://www.amazon.com/s?k=PC-compatible+Games&i=videogames&page=261,https://www.amazon.com/s?k=PC-compatible+Games&i=videogames&page=311,https://www.amazon.com/s?k=PC-compatible+Games&i=videogames&page=361
https://www.amazon.com/s?k=PC-compatible+Games&i=videogames&page=12,https://www.amazon.com/s?k=PC-compatible+Games&i=videogames&page=62,https://www.amazon.com/s?k=PC-compatible+Games&i=videogames&page=112,https://www.amazon.com/s?k=PC-compatible+Games&i=videogames&page=162,https://www.amazon.com/s?k=PC-compatible+Games&i=videogames&page=212,https://www.amazon.com/s?k=PC-compatible+Games&i=videogames&page=262,https://www.amazon.com/s?k=PC-compatible+Games&i=videogames&page=312,https://www.amazon.com/s?k=PC-compatible+Games&i=videogames&page=362
https://www.amazon.com/s?k=PC-compatible+Games&i=videogames&page=13,https://www.amazon.com/s?k=PC-compatible+Games&i=videogames&page=63,https://www.amazon.com/s?k=PC-compatible+Games&i=videogames&page=113,https://www.amazon.com/s?k=PC-compatible+Games&i=videogames&page=163,https://www.amazon.com/s?k=PC-compatible+Games&i=videogames&page=213,https://www.amazon.com/s?k=PC-compatible+Games&i=videogames&page=263,https://www.amazon.com/s?k=PC-compatible+Games&i=videogames&page=313,https://www.amazon.com/s?k=PC-compatible+Games&i=videogames&page=363
https://www.amazon.com/s?k=PC-compatible+Games&i=videogames&page=14,https://www.amazon.com/s?k=PC-compatible+Games&i=videogames&page=64,https://www.amazon.com/s?k=PC-compatible+Games&i=videogames&page=114,https://www.amazon.com/s?k=PC-compatible+Games&i=videogames&page=164,https://www.amazon.com/s?k=PC-compatible+Games&i=videogames&page=214,https://www.amazon.com/s?k=PC-compatible+Games&i=videogames&page=264,https://www.amazon.com/s?k=PC-compatible+Games&i=videogames&page=314,https://www.amazon.com/s?k=PC-compatible+Games&i=videogames&page=364
https://www.amazon.com/s?k=PC-compatible+Games&i=videogames&page=15,https://www.amazon.com/s?k=PC-compatible+Games&i=videogames&page=65,https://www.amazon.com/s?k=PC-compatible+Games&i=videogames&page=115,https://www.amazon.com/s?k=PC-compatible+Games&i=videogames&page=165,https://www.amazon.com/s?k=PC-compatible+Games&i=videogames&page=215,https://www.amazon.com/s?k=PC-compatible+Games&i=videogames&page=265,https://www.amazon.com/s?k=PC-compatible+Games&i=videogames&page=315,https://www.amazon.com/s?k=PC-compatible+Games&i=videogames&page=365
https://www.amazon.com/s?k=PC-compatible+Games&i=videogames&page=16,https://www.amazon.com/s?k=PC-compatible+Games&i=videogames&page=66,https://www.amazon.com/s?k=PC-compatible+Games&i=videogames&page=116,https://www.amazon.com/s?k=PC-compatible+Games&i=videogames&page=166,https://www.amazon.com/s?k=PC-compatible+Games&i=videogames&page=216,https://www.amazon.com/s?k=PC-compatible+Games&i=videogames&page=266,https://www.amazon.com/s?k=PC-compatible+Games&i=videogames&page=316,https://www.amazon.com/s?k=PC-compatible+Games&i=videogames&page=366
https://www.amazon.com/s?k=PC-compatible+Games&i=videogames&page=17,https://www.amazon.com/s?k=PC-compatible+Games&i=videogames&page=67,https://www.amazon.com/s?k=PC-compatible+Games&i=videogames&page=117,https://www.amazon.com/s?k=PC-compatible+Games&i=videogames&page=167,https://www.amazon.com/s?k=PC-compatible+Games&i=videogames&page=217,https://www.amazon.com/s?k=PC-compatible+Games&i=videogames&page=267,https://www.amazon.com/s?k=PC-compatible+Games&i=videogames&page=317,https://www.amazon.com/s?k=PC-compatible+Games&i=videogames&page=367
https://www.amazon.com/s?k=PC-compatible+Games&i=videogames&page=18,https://www.amazon.com/s?k=PC-compatible+Games&i=videogames&page=68,https://www.amazon.com/s?k=PC-compatible+Games&i=videogames&page=118,https://www.amazon.com/s?k=PC-compatible+Games&i=videogames&page=168,https://www.amazon.com/s?k=PC-compatible+Games&i=videogames&page=218,https://www.amazon.com/s?k=PC-compatible+Games&i=videogames&page=268,https://www.amazon.com/s?k=PC-compatible+Games&i=videogames&page=318,https://www.amazon.com/s?k=PC-compatible+Games&i=videogames&page=368
https://www.amazon.com/s?k=PC-compatible+Games&i=videogames&page=19,https://www.amazon.com/s?k=PC-compatible+Games&i=videogames&page=69,https://www.amazon.com/s?k=PC-compatible+Games&i=videogames&page=119,https://www.amazon.com/s?k=PC-compatible+Games&i=videogames&page=169,https://www.amazon.com/s?k=PC-compatible+Games&i=videogames&page=219,https://www.amazon.com/s?k=PC-compatible+Games&i=videogames&page=269,https://www.amazon.com/s?k=PC-compatible+Games&i=videogames&page=319,https://www.amazon.com/s?k=PC-compatible+Games&i=videogames&page=369
https://www.amazon.com/s?k=PC-compatible+Games&i=videogames&page=20,https://www.amazon.com/s?k=PC-compatible+Games&i=videogames&page=70,https://www.amazon.com/s?k=PC-compatible+Games&i=videogames&page=120,https://www.amazon.com/s?k=PC-compatible+Games&i=videogames&page=170,https://www.amazon.com/s?k=PC-compatible+Games&i=videogames&page=220,https://www.amazon.com/s?k=PC-compatible+Games&i=videogames&page=270,https://www.amazon.com/s?k=PC-compatible+Games&i=videogames&page=320,https://www.amazon.com/s?k=PC-compatible+Games&i=videogames&page=370
https://www.amazon.com/s?k=PC-compatible+Games&i=videogames&page=21,https://www.amazon.com/s?k=PC-compatible+Games&i=videogames&page=71,https://www.amazon.com/s?k=PC-compatible+Games&i=videogames&page=121,https://www.amazon.com/s?k=PC-compatible+Games&i=videogames&page=171,https://www.amazon.com/s?k=PC-compatible+Games&i=videogames&page=221,https://www.amazon.com/s?k=PC-compatible+Games&i=videogames&page=271,https://www.amazon.com/s?k=PC-compatible+Games&i=videogames&page=321,https://www.amazon.com/s?k=PC-compatible+Games&i=videogames&page=371
https://www.amazon.com/s?k=PC-compatible+Games&i=videogames&page=22,https://www.amazon.com/s?k=PC-compatible+Games&i=videogames&page=72,https://www.amazon.com/s?k=PC-compatible+Games&i=videogames&page=122,https://www.amazon.com/s?k=PC-compatible+Games&i=videogames&page=172,https://www.amazon.com/s?k=PC-compatible+Games&i=videogames&page=222,https://www.amazon.com/s?k=PC-compatible+Games&i=videogames&page=272,https://www.amazon.com/s?k=PC-compatible+Games&i=videogames&page=322,https://www.amazon.com/s?k=PC-compatible+Games&i=videogames&page=372
https://www.amazon.com/s?k=PC-compatible+Games&i=videogames&page=23,https://www.amazon.com/s?k=PC-compatible+Games&i=videogames&page=73,https://www.amazon.com/s?k=PC-compatible+Games&i=videogames&page=123,https://www.amazon.com/s?k=PC-compatible+Games&i=videogames&page=173,https://www.amazon.com/s?k=PC-compatible+Games&i=videogames&page=223,https://www.amazon.com/s?k=PC-compatible+Games&i=videogames&page=273,https://www.amazon.com/s?k=PC-compatible+Games&i=videogames&page=323,https://www.amazon.com/s?k=PC-compatible+Games&i=videogames&page=373
https://www.amazon.com/s?k=PC-compatible+Games&i=videogames&page=24,https://www.amazon.com/s?k=PC-compatible+Games&i=videogames&page=74,https://www.amazon.com/s?k=PC-compatible+Games&i=videogames&page=124,https://www.amazon.com/s?k=PC-compatible+Games&i=videogames&page=174,https://www.amazon.com/s?k=PC-compatible+Games&i=videogames&page=224,https://www.amazon.com/s?k=PC-compatible+Games&i=videogames&page=274,https://www.amazon.com/s?k=PC-compatible+Games&i=videogames&page=324,https://www.amazon.com/s?k=PC-compatible+Games&i=videogames&page=374
https://www.amazon.com/s?k=PC-compatible+Games&i=videogames&page=25,https://www.amazon.com/s?k=PC-compatible+Games&i=videogames&page=75,https://www.amazon.com/s?k=PC-compatible+Games&i=videogames&page=125,https://www.amazon.com/s?k=PC-compatible+Games&i=videogames&page=175,https://www.amazon.com/s?k=PC-compatible+Games&i=videogames&page=225,https://www.amazon.com/s?k=PC-compatible+Games&i=videogames&page=275,https://www.amazon.com/s?k=PC-compatible+Games&i=videogames&page=325,https://www.amazon.com/s?k=PC-compatible+Games&i=videogames&page=375
https://www.amazon.com/s?k=PC-compatible+Games&i=videogames&page=26,https://www.amazon.com/s?k=PC-compatible+Games&i=videogames&page=76,https://www.amazon.com/s?k=PC-compatible+Games&i=videogames&page=126,https://www.amazon.com/s?k=PC-compatible+Games&i=videogames&page=176,https://www.amazon.com/s?k=PC-compatible+Games&i=videogames&page=226,https://www.amazon.com/s?k=PC-compatible+Games&i=videogames&page=276,https://www.amazon.com/s?k=PC-compatible+Games&i=videogames&page=326,https://www.amazon.com/s?k=PC-compatible+Games&i=videogames&page=376
https://www.amazon.com/s?k=PC-compatible+Games&i=videogames&page=27,https://www.amazon.com/s?k=PC-compatible+Games&i=videogames&page=77,https://www.amazon.com/s?k=PC-compatible+Games&i=videogames&page=127,https://www.amazon.com/s?k=PC-compatible+Games&i=videogames&page=177,https://www.amazon.com/s?k=PC-compatible+Games&i=videogames&page=227,https://www.amazon.com/s?k=PC-compatible+Games&i=videogames&page=277,https://www.amazon.com/s?k=PC-compatible+Games&i=videogames&page=327,https://www.amazon.com/s?k=PC-compatible+Games&i=videogames&page=377
https://www.amazon.com/s?k=PC-compatible+Games&i=videogames&page=28,https://www.amazon.com/s?k=PC-compatible+Games&i=videogames&page=78,https://www.amazon.com/s?k=PC-compatible+Games&i=videogames&page=128,https://www.amazon.com/s?k=PC-compatible+Games&i=videogames&page=178,https://www.amazon.com/s?k=PC-compatible+Games&i=videogames&page=228,https://www.amazon.com/s?k=PC-compatible+Games&i=videogames&page=278,https://www.amazon.com/s?k=PC-compatible+Games&i=videogames&page=328,https://www.amazon.com/s?k=PC-compatible+Games&i=videogames&page=378
https://www.amazon.com/s?k=PC-compatible+Games&i=videogames&page=29,https://www.amazon.com/s?k=PC-compatible+Games&i=videogames&page=79,https://www.amazon.com/s?k=PC-compatible+Games&i=videogames&page=129,https://www.amazon.com/s?k=PC-compatible+Games&i=videogames&page=179,https://www.amazon.com/s?k=PC-compatible+Games&i=videogames&page=229,https://www.amazon.com/s?k=PC-compatible+Games&i=videogames&page=279,https://www.amazon.com/s?k=PC-compatible+Games&i=videogames&page=329,https://www.amazon.com/s?k=PC-compatible+Games&i=videogames&page=379
https://www.amazon.com/s?k=PC-compatible+Games&i=videogames&page=30,https://www.amazon.com/s?k=PC-compatible+Games&i=videogames&page=80,https://www.amazon.com/s?k=PC-compatible+Games&i=videogames&page=130,https://www.amazon.com/s?k=PC-compatible+Games&i=videogames&page=180,https://www.amazon.com/s?k=PC-compatible+Games&i=videogames&page=230,https://www.amazon.com/s?k=PC-compatible+Games&i=videogames&page=280,https://www.amazon.com/s?k=PC-compatible+Games&i=videogames&page=330,https://www.amazon.com/s?k=PC-compatible+Games&i=videogames&page=380
https://www.amazon.com/s?k=PC-compatible+Games&i=videogames&page=31,https://www.amazon.com/s?k=PC-compatible+Games&i=videogames&page=81,https://www.amazon.com/s?k=PC-compatible+Games&i=videogames&page=131,https://www.amazon.com/s?k=PC-compatible+Games&i=videogames&page=181,https://www.amazon.com/s?k=PC-compatible+Games&i=videogames&page=231,https://www.amazon.com/s?k=PC-compatible+Games&i=videogames&page=281,https://www.amazon.com/s?k=PC-compatible+Games&i=videogames&page=331,https://www.amazon.com/s?k=PC-compatible+Games&i=videogames&page=381
https://www.amazon.com/s?k=PC-compatible+Games&i=videogames&page=32,https://www.amazon.com/s?k=PC-compatible+Games&i=videogames&page=82,https://www.amazon.com/s?k=PC-compatible+Games&i=videogames&page=132,https://www.amazon.com/s?k=PC-compatible+Games&i=videogames&page=182,https://www.amazon.com/s?k=PC-compatible+Games&i=videogames&page=232,https://www.amazon.com/s?k=PC-compatible+Games&i=videogames&page=282,https://www.amazon.com/s?k=PC-compatible+Games&i=videogames&page=332,https://www.amazon.com/s?k=PC-compatible+Games&i=videogames&page=382
https://www.amazon.com/s?k=PC-compatible+Games&i=videogames&page=33,https://www.amazon.com/s?k=PC-compatible+Games&i=videogames&page=83,https://www.amazon.com/s?k=PC-compatible+Games&i=videogames&page=133,https://www.amazon.com/s?k=PC-compatible+Games&i=videogames&page=183,https://www.amazon.com/s?k=PC-compatible+Games&i=videogames&page=233,https://www.amazon.com/s?k=PC-compatible+Games&i=videogames&page=283,https://www.amazon.com/s?k=PC-compatible+Games&i=videogames&page=333,https://www.amazon.com/s?k=PC-compatible+Games&i=videogames&page=383
https://www.amazon.com/s?k=PC-compatible+Games&i=videogames&page=34,https://www.amazon.com/s?k=PC-compatible+Games&i=videogames&page=84,https://www.amazon.com/s?k=PC-compatible+Games&i=videogames&page=134,https://www.amazon.com/s?k=PC-compatible+Games&i=videogames&page=184,https://www.amazon.com/s?k=PC-compatible+Games&i=videogames&page=234,https://www.amazon.com/s?k=PC-compatible+Games&i=videogames&page=284,https://www.amazon.com/s?k=PC-compatible+Games&i=videogames&page=334,https://www.amazon.com/s?k=PC-compatible+Games&i=videogames&page=384
https://www.amazon.com/s?k=PC-compatible+Games&i=videogames&page=35,https://www.amazon.com/s?k=PC-compatible+Games&i=videogames&page=85,https://www.amazon.com/s?k=PC-compatible+Games&i=videogames&page=135,https://www.amazon.com/s?k=PC-compatible+Games&i=videogames&page=185,https://www.amazon.com/s?k=PC-compatible+Games&i=videogames&page=235,https://www.amazon.com/s?k=PC-compatible+Games&i=videogames&page=285,https://www.amazon.com/s?k=PC-compatible+Games&i=videogames&page=335,https://www.amazon.com/s?k=PC-compatible+Games&i=videogames&page=385
https://www.amazon.com/s?k=PC-compatible+Games&i=videogames&page=36,https://www.amazon.com/s?k=PC-compatible+Games&i=videogames&page=86,https://www.amazon.com/s?k=PC-compatible+Games&i=videogames&page=136,https://www.amazon.com/s?k=PC-compatible+Games&i=videogames&page=186,https://www.amazon.com/s?k=PC-compatible+Games&i=videogames&page=236,https://www.amazon.com/s?k=PC-compatible+Games&i=videogames&page=286,https://www.amazon.com/s?k=PC-compatible+Games&i=videogames&page=336,https://www.amazon.com/s?k=PC-compatible+Games&i=videogames&page=386
https://www.amazon.com/s?k=PC-compatible+Games&i=videogames&page=37,https://www.amazon.com/s?k=PC-compatible+Games&i=videogames&page=87,https://www.amazon.com/s?k=PC-compatible+Games&i=videogames&page=137,https://www.amazon.com/s?k=PC-compatible+Games&i=videogames&page=187,https://www.amazon.com/s?k=PC-compatible+Games&i=videogames&page=237,https://www.amazon.com/s?k=PC-compatible+Games&i=videogames&page=287,https://www.amazon.com/s?k=PC-compatible+Games&i=videogames&page=337,https://www.amazon.com/s?k=PC-compatible+Games&i=videogames&page=387
https://www.amazon.com/s?k=PC-compatible+Games&i=videogames&page=38,https://www.amazon.com/s?k=PC-compatible+Games&i=videogames&page=88,https://www.amazon.com/s?k=PC-compatible+Games&i=videogames&page=138,https://www.amazon.com/s?k=PC-compatible+Games&i=videogames&page=188,https://www.amazon.com/s?k=PC-compatible+Games&i=videogames&page=238,https://www.amazon.com/s?k=PC-compatible+Games&i=videogames&page=288,https://www.amazon.com/s?k=PC-compatible+Games&i=videogames&page=338,https://www.amazon.com/s?k=PC-compatible+Games&i=videogames&page=388
https://www.amazon.com/s?k=PC-compatible+Games&i=videogames&page=39,https://www.amazon.com/s?k=PC-compatible+Games&i=videogames&page=89,https://www.amazon.com/s?k=PC-compatible+Games&i=videogames&page=139,https://www.amazon.com/s?k=PC-compatible+Games&i=videogames&page=189,https://www.amazon.com/s?k=PC-compatible+Games&i=videogames&page=239,https://www.amazon.com/s?k=PC-compatible+Games&i=videogames&page=289,https://www.amazon.com/s?k=PC-compatible+Games&i=videogames&page=339,https://www.amazon.com/s?k=PC-compatible+Games&i=videogames&page=389
https://www.amazon.com/s?k=PC-compatible+Games&i=videogames&page=40,https://www.amazon.com/s?k=PC-compatible+Games&i=videogames&page=90,https://www.amazon.com/s?k=PC-compatible+Games&i=videogames&page=140,https://www.amazon.com/s?k=PC-compatible+Games&i=videogames&page=190,https://www.amazon.com/s?k=PC-compatible+Games&i=videogames&page=240,https://www.amazon.com/s?k=PC-compatible+Games&i=videogames&page=290,https://www.amazon.com/s?k=PC-compatible+Games&i=videogames&page=340,https://www.amazon.com/s?k=PC-compatible+Games&i=videogames&page=390
https://www.amazon.com/s?k=PC-compatible+Games&i=videogames&page=41,https://www.amazon.com/s?k=PC-compatible+Games&i=videogames&page=91,https://www.amazon.com/s?k=PC-compatible+Games&i=videogames&page=141,https://www.amazon.com/s?k=PC-compatible+Games&i=videogames&page=191,https://www.amazon.com/s?k=PC-compatible+Games&i=videogames&page=241,https://www.amazon.com/s?k=PC-compatible+Games&i=videogames&page=291,https://www.amazon.com/s?k=PC-compatible+Games&i=videogames&page=341,https://www.amazon.com/s?k=PC-compatible+Games&i=videogames&page=391
https://www.amazon.com/s?k=PC-compatible+Games&i=videogames&page=42,https://www.amazon.com/s?k=PC-compatible+Games&i=videogames&page=92,https://www.amazon.com/s?k=PC-compatible+Games&i=videogames&page=142,https://www.amazon.com/s?k=PC-compatible+Games&i=videogames&page=192,https://www.amazon.com/s?k=PC-compatible+Games&i=videogames&page=242,https://www.amazon.com/s?k=PC-compatible+Games&i=videogames&page=292,https://www.amazon.com/s?k=PC-compatible+Games&i=videogames&page=342,https://www.amazon.com/s?k=PC-compatible+Games&i=videogames&page=392
https://www.amazon.com/s?k=PC-compatible+Games&i=videogames&page=43,https://www.amazon.com/s?k=PC-compatible+Games&i=videogames&page=93,https://www.amazon.com/s?k=PC-compatible+Games&i=videogames&page=143,https://www.amazon.com/s?k=PC-compatible+Games&i=videogames&page=193,https://www.amazon.com/s?k=PC-compatible+Games&i=videogames&page=243,https://www.amazon.com/s?k=PC-compatible+Games&i=videogames&page=293,https://www.amazon.com/s?k=PC-compatible+Games&i=videogames&page=343,https://www.amazon.com/s?k=PC-compatible+Games&i=videogames&page=393
https://www.amazon.com/s?k=PC-compatible+Games&i=videogames&page=44,https://www.amazon.com/s?k=PC-compatible+Games&i=videogames&page=94,https://www.amazon.com/s?k=PC-compatible+Games&i=videogames&page=144,https://www.amazon.com/s?k=PC-compatible+Games&i=videogames&page=194,https://www.amazon.com/s?k=PC-compatible+Games&i=videogames&page=244,https://www.amazon.com/s?k=PC-compatible+Games&i=videogames&page=294,https://www.amazon.com/s?k=PC-compatible+Games&i=videogames&page=344,https://www.amazon.com/s?k=PC-compatible+Games&i=videogames&page=394
https://www.amazon.com/s?k=PC-compatible+Games&i=videogames&page=45,https://www.amazon.com/s?k=PC-compatible+Games&i=videogames&page=95,https://www.amazon.com/s?k=PC-compatible+Games&i=videogames&page=145,https://www.amazon.com/s?k=PC-compatible+Games&i=videogames&page=195,https://www.amazon.com/s?k=PC-compatible+Games&i=videogames&page=245,https://www.amazon.com/s?k=PC-compatible+Games&i=videogames&page=295,https://www.amazon.com/s?k=PC-compatible+Games&i=videogames&page=345,https://www.amazon.com/s?k=PC-compatible+Games&i=videogames&page=395
https://www.amazon.com/s?k=PC-compatible+Games&i=videogames&page=46,https://www.amazon.com/s?k=PC-compatible+Games&i=videogames&page=96,https://www.amazon.com/s?k=PC-compatible+Games&i=videogames&page=146,https://www.amazon.com/s?k=PC-compatible+Games&i=videogames&page=196,https://www.amazon.com/s?k=PC-compatible+Games&i=videogames&page=246,https://www.amazon.com/s?k=PC-compatible+Games&i=videogames&page=296,https://www.amazon.com/s?k=PC-compatible+Games&i=videogames&page=346,https://www.amazon.com/s?k=PC-compatible+Games&i=videogames&page=396
https://www.amazon.com/s?k=PC-compatible+Games&i=videogames&page=47,https://www.amazon.com/s?k=PC-compatible+Games&i=videogames&page=97,https://www.amazon.com/s?k=PC-compatible+Games&i=videogames&page=147,https://www.amazon.com/s?k=PC-compatible+Games&i=videogames&page=197,https://www.amazon.com/s?k=PC-compatible+Games&i=videogames&page=247,https://www.amazon.com/s?k=PC-compatible+Games&i=videogames&page=297,https://www.amazon.com/s?k=PC-compatible+Games&i=videogames&page=347,https://www.amazon.com/s?k=PC-compatible+Games&i=videogames&page=397
https://www.amazon.com/s?k=PC-compatible+Games&i=videogames&page=48,https://www.amazon.com/s?k=PC-compatible+Games&i=videogames&page=98,https://www.amazon.com/s?k=PC-compatible+Games&i=videogames&page=148,https://www.amazon.com/s?k=PC-compatible+Games&i=videogames&page=198,https://www.amazon.com/s?k=PC-compatible+Games&i=videogames&page=248,https://www.amazon.com/s?k=PC-compatible+Games&i=videogames&page=298,https://www.amazon.com/s?k=PC-compatible+Games&i=videogames&page=348,https://www.amazon.com/s?k=PC-compatible+Games&i=videogames&page=398
https://www.amazon.com/s?k=PC-compatible+Games&i=videogames&page=49,https://www.amazon.com/s?k=PC-compatible+Games&i=videogames&page=99,https://www.amazon.com/s?k=PC-compatible+Games&i=videogames&page=149,https://www.amazon.com/s?k=PC-compatible+Games&i=videogames&page=199,https://www.amazon.com/s?k=PC-compatible+Games&i=videogames&page=249,https://www.amazon.com/s?k=PC-compatible+Games&i=videogames&page=299,https://www.amazon.com/s?k=PC-compatible+Games&i=videogames&page=349,https://www.amazon.com/s?k=PC-compatible+Games&i=videogames&page=399
https://www.amazon.com/s?k=PC-compatible+Games&i=videogames&page=50,https://www.amazon.com/s?k=PC-compatible+Games&i=videogames&page=100,https://www.amazon.com/s?k=PC-compatible+Games&i=videogames&page=150,https://www.amazon.com/s?k=PC-compatible+Games&i=videogames&page=200,https://www.amazon.com/s?k=PC-compatible+Games&i=videogames&page=250,https://www.amazon.com/s?k=PC-compatible+Games&i=videogames&page=300,https://www.amazon.com/s?k=PC-compatible+Games&i=videogames&page=350,https://www.amazon.com/s?k=PC-compatible+Games&i=videogames&page=400
